<?xml version="1.0" encoding="UTF-8" standalone="yes"?>
<addon id="plugin.program.WizardArzola" name="[COLOR aqua]Arzola[/COLOR][COLOR white]Wi[/COLOR][COLOR blue]za[/COLOR][COLOR yellow]rd[/COLOR]" version="1.0" provider-name="Franci Arzola">
  <requires>
    <import addon="xbmc.python" version="2.1.0"/>
  </requires>
  <extension point="xbmc.python.pluginsource" library="default.py">
    <provides>executable video</provides>
  </extension>
  <extension point="xbmc.service" library="startup.py" start="startup" />
  <extension point="xbmc.addon.metadata">
    <summary lang="en">[COLOR aqua]Arzola[/COLOR][COLOR white]Wi[/COLOR][COLOR blue]za[/COLOR][COLOR yellow]rd[/COLOR]</summary>
    <description lang="en">Mi [COLOR white]Wi[/COLOR][COLOR blue]za[/COLOR][COLOR yellow]rd[/COLOR] te ayudará a configurar tú Kodi</description>
    <platform>all</platform>
  </extension>
</addon>
